{
  "mlp_thresholds": {
    "thr_f1": 0.33649247884750366,
    "thr_p60": 0.33649247884750366
  }
}